{"cameraMode":{"drawMode":0,"name":"Shaded","section":"Shading Mode"},"sceneLighting":false,"audioPlay":false,"sceneViewState":{"showFog":true,"showMaterialUpdate":true,"showSkybox":false,"showFlares":true,"showImageEffects":true,"showParticleSystems":true},"in2DMode":false,"pivot":{"x":5.960464477539063e-8,"y":0.4438214898109436,"z":0.11950254440307617},"rotation":{"x":-0.03497346490621567,"y":0.9643807411193848,"z":-0.20252782106399537,"w":-0.16653570532798768},"size":2.706416606903076,"orthographic":false}