{"cameraMode":{"drawMode":0,"name":"Shaded","section":"Shading Mode"},"sceneLighting":true,"audioPlay":false,"sceneViewState":{"showFog":true,"showMaterialUpdate":true,"showSkybox":true,"showFlares":true,"showImageEffects":true,"showParticleSystems":true},"in2DMode":false,"pivot":{"x":1.1891276836395264,"y":-3.2179999351501467,"z":1.7979236841201783},"rotation":{"x":-0.2640305459499359,"y":-0.48208242654800417,"z":0.15554815530776978,"w":-0.8210002183914185},"size":2.3167147636413576,"orthographic":false}